,dataset,WSI,ROI,supertile,width,height,annotation,scaled_coordinates,ROI_coordinates
0,A_test_fp,1-717-Temporal_AT8,1,"(10030, 1536)",8494,3560,"(333.22808837890625, 2738.9150390625)","(333.24378077769967, 2738.9150390625)","(10363.2437807777, 4274.9150390625)"
1,A_test_fp,1-717-Temporal_AT8,2,"(18524, 5096)",8494,3560,"(2772.709228515625, 1997.0108642578125)","(2772.839801118804, 1997.0108642578125)","(21296.839801118804, 7093.0108642578125)"
2,A_test_fp,1-717-Temporal_AT8,2,"(18524, 5096)",8494,3560,"(4017.59912109375, 852.7181396484375)","(4017.7883181326524, 852.7181396484375)","(22541.788318132654, 5948.7181396484375)"
3,A_test_fp,1-154-Temporal_AT8,2,"(5783, 8656)",8494,3560,"(336.03999999999996, 1805.505)","(336.0558248175182, 1805.505)","(6119.055824817518, 10461.505000000001)"
4,A_test_fp,1-154-Temporal_AT8,2,"(5783, 8656)",8494,3560,"(231.5561981201172, 1856.3323974609375)","(231.5671025796472, 1856.3323974609375)","(6014.567102579647, 10512.332397460938)"
5,A_test_fp,1-154-Temporal_AT8,0,"(10030, 1536)",8494,3560,"(2345.17138671875, 1563.185546875)","(2345.281825682099, 1563.185546875)","(12375.2818256821, 3099.185546875)"
6,A_test_fp,1-717-Temporal_AT8,1,"(14277, 8656)",8494,3560,"(1678.7152099609375, 2808.075439453125)","(1678.7942641266995, 2808.075439453125)","(15955.7942641267, 11464.075439453125)"
7,A_test_fp,1-693-Temporal_AT8,1,"(10030, 1536)",8494,3560,"(3577.486572265625, 1902.7010498046875)","(3577.655043495776, 1902.7010498046875)","(13607.655043495775, 3438.7010498046875)"
8,A_test_fp,1-717-Temporal_AT8,0,"(10030, 5096)",8494,3560,"(4162.20751953125, 2254.791015625)","(4162.403526478249, 2254.791015625)","(14192.403526478249, 7350.791015625)"
9,A_test_fp,1-102-Temporal_AT8,1,"(14277, 1536)",8494,3560,"(2084.005859375, 1924.1048583984375)","(2084.103999514363, 1924.1048583984375)","(16361.103999514362, 3460.1048583984375)"
10,A_test_fp,1-154-Temporal_AT8,0,"(5783, 8656)",8494,3560,"(4074.18505859375, 1053.9124755859375)","(4074.3769203812985, 1053.9124755859375)","(9857.376920381299, 9709.912475585938)"
11,A_test_fp,1-154-Temporal_AT8,0,"(5783, 8656)",8494,3560,"(314.36614990234375, 840.1434936523438)","(314.38095405350464, 840.1434936523438)","(6097.380954053505, 9496.143493652344)"
12,A_test_fp,1-717-Temporal_AT8,0,"(14277, 5096)",8494,3560,"(3879.278076171875, 884.15478515625)","(3879.4607593871406, 884.15478515625)","(18156.46075938714, 5980.15478515625)"
13,A_test_fp,1-717-Temporal_AT8,0,"(14277, 5096)",8494,3560,"(2231.99951171875, 2437.12353515625)","(2232.104621184807, 2437.12353515625)","(16509.104621184808, 7533.12353515625)"
14,A_test_fp,1-102-Temporal_AT8,1,"(18524, 5096)",8494,3560,"(1615.8419189453125, 871.5801391601562)","(1615.9180122779683, 871.5801391601562)","(20139.91801227797, 5967.580139160156)"
15,A_test_fp,1-102-Temporal_AT8,1,"(18524, 5096)",8494,3560,"(578.4337158203125, 437.7548522949219)","(578.4609554584486, 437.7548522949219)","(19102.46095545845, 5533.754852294922)"
16,A_test_fp,1-693-Temporal_AT8,2,"(14277, 5096)",8494,3560,"(1376.9237060546875, 1141.9349365234375)","(1376.9885482353352, 1141.9349365234375)","(15653.988548235335, 6237.9349365234375)"
17,A_test_fp,1-717-Temporal_AT8,0,"(1536, 5096)",8494,3560,"(679.0308227539062, 2594.306640625)","(679.0627997175395, 2594.306640625)","(2215.0627997175397, 7690.306640625)"
18,A_test_fp,1-717-Temporal_AT8,0,"(1536, 5096)",8494,3560,"(257.7802429199219, 2349.100830078125)","(257.7923823238738, 2349.100830078125)","(1793.7923823238739, 7445.100830078125)"
19,A_test_fp,1-102-Temporal_AT8,1,"(1536, 5096)",8494,3560,"(2621.8134765625, 1085.34912109375)","(2621.936943173122, 1085.34912109375)","(4157.936943173122, 6181.34912109375)"
20,A_test_fp,1-102-Temporal_AT8,1,"(1536, 5096)",8494,3560,"(3652.9345703125, 2575.444580078125)","(3653.1065945446785, 2575.444580078125)","(5189.106594544679, 7671.444580078125)"
21,A_test_fp,1-102-Temporal_AT8,1,"(1536, 5096)",8494,3560,"(2816.720458984375, 2770.3515625)","(2816.8531041672795, 2770.3515625)","(4352.8531041672795, 7866.3515625)"
22,A_test_fp,1-717-Temporal_AT8,1,"(1536, 1536)",8494,3560,"(3061.06005859375, 2076.593017578125)","(3061.2042102329583, 2076.593017578125)","(4597.204210232958, 3612.593017578125)"
23,A_test_fp,1-271-Temporal_AT8,2,"(14277, 5096)",8494,3560,"(471.5491943359375, 2103.895263671875)","(471.5714005612417, 2103.895263671875)","(14748.571400561243, 7199.895263671875)"
24,A_test_fp,1-102-Temporal_AT8,0,"(14277, 1536)",8494,3560,"(3451.740234375, 2581.73193359375)","(3451.9027839504356, 2581.73193359375)","(17728.902783950434, 4117.73193359375)"
25,A_test_fp,1-717-Temporal_AT8,0,"(18524, 5096)",8494,3560,"(176.04502868652344, 708.1097412109375)","(176.05331901045497, 708.1097412109375)","(18700.053319010454, 5804.1097412109375)"
26,A_test_fp,1-717-Temporal_AT8,0,"(18524, 5096)",8494,3560,"(320.6534729003906, 613.7998657226562)","(320.6685731345748, 613.7998657226562)","(18844.668573134575, 5709.799865722656)"
27,A_test_fp,1-717-Temporal_AT8,1,"(5783, 5096)",8494,3560,"(1364.3489990234375, 2305.089599609375)","(1364.4132490351644, 2305.089599609375)","(7147.413249035164, 7401.089599609375)"
28,A_test_fp,1-717-Temporal_AT8,1,"(5783, 5096)",8494,3560,"(2445.7685546875, 701.8223876953125)","(2445.8837309792207, 701.8223876953125)","(8228.883730979222, 5797.8223876953125)"
29,A_test_fp,1-717-Temporal_AT8,1,"(5783, 5096)",8494,3560,"(534.4224243164062, 481.76611328125)","(534.4475913719426, 481.76611328125)","(6317.4475913719425, 5577.76611328125)"
30,A_test_fp,1-102-Temporal_AT8,2,"(10030, 5096)",8494,3560,"(2980.19091796875, 343.44500732421875)","(2980.3312613131325, 343.44500732421875)","(13010.331261313133, 5439.445007324219)"
31,A_test_fp,1-102-Temporal_AT8,2,"(10030, 5096)",8494,3560,"(2602.95166015625, 148.53799438476562)","(2603.0742385249882, 148.53799438476562)","(12633.074238524989, 5244.537994384766)"
32,A_test_fp,1-717-Temporal_AT8,0,"(1536, 8656)",8494,3560,"(817.3519287109375, 1418.5771484375)","(817.3904195010816, 1418.5771484375)","(2353.390419501082, 10074.5771484375)"
33,A_test_fp,1-717-Temporal_AT8,0,"(1536, 8656)",8494,3560,"(1351.7744140625, 462.9041442871094)","(1351.8380719110548, 462.9041442871094)","(2887.8380719110546, 9118.90414428711)"
34,A_test_fp,1-717-Temporal_AT8,0,"(1536, 8656)",8494,3560,"(2489.77978515625, 827.56884765625)","(2489.897034027696, 827.56884765625)","(4025.897034027696, 9483.56884765625)"
35,A_test_fp,1-717-Temporal_AT8,0,"(1536, 8656)",8494,3560,"(1515.2447509765625, 1883.839111328125)","(1515.3161069808466, 1883.839111328125)","(3051.3161069808466, 10539.839111328125)"
36,A_test_fp,1-717-Temporal_AT8,0,"(1536, 8656)",8494,3560,"(1842.185546875, 2839.51220703125)","(1842.2722991964915, 2839.51220703125)","(3378.2722991964915, 11495.51220703125)"
37,A_test_fp,1-717-Temporal_AT8,1,"(10030, 5096)",8494,3560,"(2250.861572265625, 1695.2193603515625)","(2250.9675699850627, 1695.2193603515625)","(12280.967569985063, 6791.2193603515625)"
38,A_test_fp,1-717-Temporal_AT8,1,"(10030, 5096)",8494,3560,"(3520.900634765625, 1525.461669921875)","(3521.06644124713, 1525.461669921875)","(13551.06644124713, 6621.461669921875)"
39,A_test_fp,1-717-Temporal_AT8,1,"(10030, 5096)",8494,3560,"(3652.9345703125, 2858.3740234375)","(3653.1065945446785, 2858.3740234375)","(13683.106594544679, 7954.3740234375)"
40,A_test_fp,1-717-Temporal_AT8,1,"(10030, 5096)",8494,3560,"(3571.19921875, 2977.833251953125)","(3571.367393895691, 2977.833251953125)","(13601.36739389569, 8073.833251953125)"
41,A_test_fp,1-717-Temporal_AT8,1,"(10030, 5096)",8494,3560,"(961.9603881835938, 280.57177734375)","(962.005688884709, 280.57177734375)","(10992.005688884708, 5376.57177734375)"
42,B_train_fp,1-225-Temporal_AT8,1,"(1536, 5096)",8494,3560,"(2320.02197265625, 1223.670166015625)","(2320.1312272817577, 1223.670166015625)","(3856.1312272817577, 6319.670166015625)"
43,B_train_fp,1-225-Temporal_AT8,1,"(1536, 5096)",8494,3560,"(3734.669677734375, 1883.839111328125)","(3734.845551041544, 1883.839111328125)","(5270.845551041544, 6979.839111328125)"
44,B_train_fp,1-225-Temporal_AT8,1,"(5783, 1536)",8494,3560,"(3652.9345703125, 2625.7431640625)","(3653.1065945446785, 2625.7431640625)","(9436.106594544679, 4161.7431640625)"
45,B_train_fp,1-225-Temporal_AT8,1,"(5783, 1536)",8494,3560,"(3784.96826171875, 2877.236083984375)","(3785.1465036901045, 2877.236083984375)","(9568.146503690105, 4413.236083984375)"
46,B_train_fp,1-225-Temporal_AT8,1,"(5783, 1536)",8494,3560,"(1722.7264404296875, 2499.99658203125)","(1722.807567175175, 2499.99658203125)","(7505.807567175175, 4035.99658203125)"
47,B_train_fp,1-225-Temporal_AT8,1,"(5783, 1536)",8494,3560,"(1408.3602294921875, 2034.73486328125)","(1408.4265520836398, 2034.73486328125)","(7191.42655208364, 3570.73486328125)"
48,B_train_fp,1-755-Temporal_AT8,1,"(1536, 1536)",8494,3560,"(1527.8194580078125, 2455.9853515625)","(1527.8914061810174, 2455.9853515625)","(3063.8914061810174, 3991.9853515625)"
49,B_train_fp,1-755-Temporal_AT8,1,"(1536, 1536)",8494,3560,"(3891.852783203125, 3386.50927734375)","(3892.0360585873113, 3386.50927734375)","(5428.036058587311, 4922.50927734375)"
50,B_train_fp,1-923-Temporal_AT8,1,"(14277, 5096)",8494,3560,"(2372.0390625, 1308.5042724609375)","(2372.150766717683, 1308.5042724609375)","(16649.150766717685, 6404.5042724609375)"
51,B_train_fp,1-225-Temporal_AT8,2,"(10030, 1536)",8494,3560,"(2162.839111328125, 3367.647216796875)","(2162.940963888112, 3367.647216796875)","(12192.940963888112, 4903.647216796875)"
52,B_train_fp,1-290-Temporal_AT8,1,"(10030, 1536)",8494,3560,"(1798.17431640625, 1726.656005859375)","(1798.2589961480162, 1726.656005859375)","(11828.258996148015, 3262.656005859375)"
53,B_train_fp,1-838-Temporal_AT8,2,"(5783, 8656)",8494,3560,"(3835.266845703125, 1204.8082275390625)","(3835.4474563386652, 1204.8082275390625)","(9618.447456338665, 9860.808227539062)"
54,B_train_fp,1-621-Temporal_AT8,0,"(5783, 5096)",8494,3560,"(2904.7431640625, 2531.433349609375)","(2904.8799544163526, 2531.433349609375)","(8687.879954416352, 7627.433349609375)"
55,B_train_fp,1-751-Temporal_AT8,1,"(18524, 8656)",8494,3560,"(1257.464599609375, 356.0196533203125)","(1257.5238162140186, 356.0196533203125)","(19781.52381621402, 9012.019653320312)"
56,B_train_fp,1-621-Temporal_AT8,1,"(18524, 5096)",8494,3560,"(3854.12890625, 708.1097412109375)","(3854.3104051389214, 708.1097412109375)","(22378.31040513892, 5804.1097412109375)"
57,B_train_fp,1-621-Temporal_AT8,1,"(18524, 5096)",8494,3560,"(3992.449951171875, 532.064697265625)","(3992.637963884433, 532.064697265625)","(22516.637963884434, 5628.064697265625)"
58,B_train_fp,1-621-Temporal_AT8,1,"(18524, 5096)",8494,3560,"(4055.3232421875, 2782.92626953125)","(4055.5142157331643, 2782.92626953125)","(22579.514215733165, 7878.92626953125)"
59,B_train_fp,1-621-Temporal_AT8,1,"(18524, 5096)",8494,3560,"(2426.906494140625, 3336.210693359375)","(2427.0207821789645, 3336.210693359375)","(20951.020782178966, 8432.210693359375)"
60,B_train_fp,1-838-Temporal_AT8,1,"(10030, 1536)",8494,3560,"(1609.5545654296875, 2009.5855712890625)","(1609.6303626778829, 2009.5855712890625)","(11639.630362677883, 3545.5855712890625)"
61,B_train_fp,1-838-Temporal_AT8,1,"(10030, 1536)",8494,3560,"(295.5041809082031, 2682.3291015625)","(295.51809681029437, 2682.3291015625)","(10325.518096810294, 4218.3291015625)"
62,B_train_fp,1-838-Temporal_AT8,1,"(14277, 8656)",8494,3560,"(213.7689666748047, 2166.7685546875)","(213.77903349687554, 2166.7685546875)","(14490.779033496876, 10822.7685546875)"
63,B_train_fp,1-225-Temporal_AT8,2,"(1536, 1536)",8494,3560,"(3734.669677734375, 3229.326171875)","(3734.845551041544, 3229.326171875)","(5270.845551041544, 4765.326171875)"
64,B_train_fp,1-225-Temporal_AT8,2,"(1536, 1536)",8494,3560,"(3105.9375, 2933.822021484375)","(3106.0837650105955, 2933.822021484375)","(4642.083765010595, 4469.822021484375)"
65,B_train_fp,1-225-Temporal_AT8,2,"(1536, 1536)",8494,3560,"(2087.39111328125, 3248.18798828125)","(2087.4894128392098, 3248.18798828125)","(3623.4894128392098, 4784.18798828125)"
66,B_train_fp,1-225-Temporal_AT8,2,"(1536, 1536)",8494,3560,"(295.5041809082031, 2877.236083984375)","(295.51809681029437, 2877.236083984375)","(1831.5180968102943, 4413.236083984375)"
67,B_train_fp,1-225-Temporal_AT8,2,"(1536, 1536)",8494,3560,"(3539.7626953125, 343.44500732421875)","(3539.9293900473863, 343.44500732421875)","(5075.929390047386, 1879.4450073242188)"
68,B_train_fp,1-225-Temporal_AT8,2,"(1536, 1536)",8494,3560,"(3923.289306640625, 909.3040161132812)","(3923.4740624356164, 909.3040161132812)","(5459.474062435616, 2445.3040161132812)"
69,B_train_fp,1-225-Temporal_AT8,1,"(18524, 1536)",8494,3560,"(861.3632202148438, 2738.9150390625)","(861.4037835875876, 2738.9150390625)","(19385.403783587586, 4274.9150390625)"
70,B_train_fp,1-225-Temporal_AT8,1,"(18524, 1536)",8494,3560,"(408.67596435546875, 2588.019287109375)","(408.6952097505408, 2588.019287109375)","(18932.695209750542, 4124.019287109375)"
71,B_train_fp,1-225-Temporal_AT8,1,"(18524, 1536)",8494,3560,"(2313.73486328125, 2814.36279296875)","(2313.843821833794, 2814.36279296875)","(20837.843821833794, 4350.36279296875)"
72,B_train_fp,1-225-Temporal_AT8,1,"(18524, 1536)",8494,3560,"(2709.836181640625, 3084.7177734375)","(2709.963793422195, 3084.7177734375)","(21233.963793422194, 4620.7177734375)"
73,B_train_fp,1-225-Temporal_AT8,1,"(18524, 1536)",8494,3560,"(3634.072509765625, 2305.089599609375)","(3634.2436457444223, 2305.089599609375)","(22158.243645744424, 3841.089599609375)"
74,B_train_fp,1-225-Temporal_AT8,1,"(5783, 8656)",8494,3560,"(3080.7880859375, 1519.17431640625)","(3080.9331666102544, 1519.17431640625)","(8863.933166610255, 10175.17431640625)"
75,B_train_fp,1-225-Temporal_AT8,1,"(5783, 8656)",8494,3560,"(3382.57958984375, 500.6280822753906)","(3382.7388825016187, 500.6280822753906)","(9165.738882501619, 9156.62808227539)"
76,B_train_fp,1-225-Temporal_AT8,1,"(5783, 8656)",8494,3560,"(3055.638916015625, 676.673095703125)","(3055.7828123620347, 676.673095703125)","(8838.782812362035, 9332.673095703125)"
77,B_train_fp,1-225-Temporal_AT8,1,"(5783, 8656)",8494,3560,"(2772.709228515625, 682.96044921875)","(2772.839801118804, 682.96044921875)","(8555.839801118804, 9338.96044921875)"
78,B_train_fp,1-751-Temporal_AT8,1,"(14277, 1536)",8494,3560,"(3080.7880859375, 3392.796630859375)","(3080.9331666102544, 3392.796630859375)","(17357.933166610255, 4928.796630859375)"
79,B_train_fp,1-923-Temporal_AT8,0,"(10030, 1536)",8494,3560,"(2187.98828125, 1990.7235107421875)","(2188.091318136331, 1990.7235107421875)","(12218.091318136332, 3526.7235107421875)"
80,B_train_fp,1-751-Temporal_AT8,2,"(14277, 8656)",8494,3560,"(685.3181762695312, 1324.267333984375)","(685.3504493176249, 1324.267333984375)","(14962.350449317624, 9980.267333984375)"
81,B_train_fp,1-751-Temporal_AT8,2,"(14277, 8656)",8494,3560,"(2521.21630859375, 1148.2222900390625)","(2521.3350378760006, 1148.2222900390625)","(16798.335037876, 9804.222290039062)"
82,B_train_fp,1-751-Temporal_AT8,2,"(14277, 8656)",8494,3560,"(465.2618713378906, 2902.38525390625)","(465.2837814801716, 2902.38525390625)","(14742.283781480171, 11558.38525390625)"
83,B_train_fp,1-209-Temporal_AT8,0,"(10030, 1536)",8494,3560,"(2061.415, 2731.73)","(2061.512076289145, 2731.73)","(12091.512076289146, 4267.73)"
84,B_train_fp,1-209-Temporal_AT8,0,"(10030, 1536)",8494,3560,"(2027.5286865234375, 2692.19384765625)","(2027.6241670361062, 2692.19384765625)","(12057.624167036107, 4228.19384765625)"
85,B_train_fp,1-923-Temporal_AT8,0,"(18524, 8656)",8494,3560,"(341.685, 913.165)","(341.7010906522251, 913.165)","(18865.701090652226, 9569.165)"
86,B_train_fp,1-923-Temporal_AT8,0,"(18524, 8656)",8494,3560,"(321.9195861816406, 924.4598388671875)","(321.9347460397137, 924.4598388671875)","(18845.934746039715, 9580.459838867188)"
87,B_train_fp,1-290-Temporal_AT8,1,"(5783, 1536)",8494,3560,"(2590.376953125, 1349.4166259765625)","(2590.4989393248175, 1349.4166259765625)","(8373.498939324818, 2885.4166259765625)"
88,B_train_fp,1-838-Temporal_AT8,1,"(1536, 5096)",8494,3560,"(1869.39, 1198.375)","(1869.4780334353661, 1198.375)","(3405.4780334353663, 6294.375)"
89,B_train_fp,1-838-Temporal_AT8,1,"(1536, 5096)",8494,3560,"(2629.01, 1573.945)","(2629.1338055097717, 1573.945)","(4165.133805509771, 6669.945)"
90,B_train_fp,1-838-Temporal_AT8,1,"(1536, 5096)",8494,3560,"(2592.2998046875, 1472.2879638671875)","(2592.421881438368, 1472.2879638671875)","(4128.421881438368, 6568.2879638671875)"
91,B_train_fp,1-838-Temporal_AT8,1,"(1536, 5096)",8494,3560,"(1846.8018798828125, 1195.550048828125)","(1846.8888495969582, 1195.550048828125)","(3382.888849596958, 6291.550048828125)"
92,B_train_fp,1-838-Temporal_AT8,1,"(1536, 5096)",8494,3560,"(1592.65478515625, 3560)","(1592.7297865588944, 3560.0)","(3128.7297865588944, 8656.0)"
93,B_train_fp,1-290-Temporal_AT8,2,"(18524, 1536)",8494,3560,"(3942.1513671875, 2499.99658203125)","(3942.337011235872, 2499.99658203125)","(22466.33701123587, 4035.99658203125)"
94,B_train_fp,1-621-Temporal_AT8,2,"(10030, 1536)",8494,3560,"(2841.869873046875, 2971.5458984375)","(2842.003702567621, 2971.5458984375)","(12872.003702567621, 4507.5458984375)"
95,B_train_fp,1-621-Temporal_AT8,2,"(10030, 1536)",8494,3560,"(1169.4420166015625, 349.7323303222656)","(1169.497088041007, 349.7323303222656)","(11199.497088041007, 1885.7323303222656)"
96,B_train_fp,1-621-Temporal_AT8,2,"(10030, 1536)",8494,3560,"(955.6730346679688, 1770.667236328125)","(955.7180392846236, 1770.667236328125)","(10985.718039284624, 3306.667236328125)"
97,B_train_fp,1-225-Temporal_AT8,2,"(1536, 5096)",8494,3560,"(873.9378662109375, 1261.3941650390625)","(873.9790217497277, 1261.3941650390625)","(2409.9790217497275, 6357.3941650390625)"
98,B_train_fp,1-225-Temporal_AT8,2,"(1536, 5096)",8494,3560,"(2137.689697265625, 324.5830383300781)","(2137.7903654877705, 324.5830383300781)","(3673.7903654877705, 5420.583038330078)"
99,B_train_fp,1-756-Temporal_AT8,0,"(1536, 8656)",8494,3560,"(3740.95703125, 1594.6221923828125)","(3741.133200641629, 1594.6221923828125)","(5277.133200641629, 10250.622192382812)"
100,B_train_fp,1-225-Temporal_AT8,2,"(18524, 1536)",8494,3560,"(3577.486572265625, 3160.16552734375)","(3577.655043495776, 3160.16552734375)","(22101.655043495775, 4696.16552734375)"
101,B_train_fp,1-225-Temporal_AT8,2,"(18524, 1536)",8494,3560,"(565.8590698242188, 2097.608154296875)","(565.8857172963084, 2097.608154296875)","(19089.885717296307, 3633.608154296875)"
102,B_train_fp,1-225-Temporal_AT8,2,"(18524, 1536)",8494,3560,"(911.6618041992188, 154.8253173828125)","(911.7047362361483, 154.8253173828125)","(19435.704736236148, 1690.8253173828125)"
103,B_train_fp,1-225-Temporal_AT8,2,"(18524, 1536)",8494,3560,"(2244.57421875, 1789.5291748046875)","(2244.6799203849773, 1789.5291748046875)","(20768.679920384977, 3325.5291748046875)"
104,B_train_fp,1-225-Temporal_AT8,2,"(18524, 1536)",8494,3560,"(2426.906494140625, 381.1689453125)","(2427.0207821789645, 381.1689453125)","(20951.020782178966, 1917.1689453125)"
105,B_train_fp,1-756-Temporal_AT8,2,"(14277, 8656)",8494,3560,"(1175.7293701171875, 0)","(1175.784737641092, 0.0)","(15452.784737641092, 8656.0)"
106,B_train_fp,1-225-Temporal_AT8,2,"(1536, 8656)",8494,3560,"(1779.3123779296875, 808.7069091796875)","(1779.3961694238212, 808.7069091796875)","(3315.3961694238214, 9464.706909179688)"
107,B_train_fp,1-516-Temporal_AT8,2,"(14277, 5096)",8494,3560,"(104.485, 1249.205)","(104.48992041441016, 1249.205)","(14381.48992041441, 6345.205)"
108,B_train_fp,1-516-Temporal_AT8,2,"(14277, 5096)",8494,3560,"(112.95423889160156, 1246.3795166015625)","(112.95955813996001, 1246.3795166015625)","(14389.95955813996, 6342.3795166015625)"
109,B_train_fp,1-225-Temporal_AT8,1,"(14277, 5096)",8494,3560,"(3483.1767578125, 1248.8194580078125)","(3483.34078779874, 1248.8194580078125)","(17760.34078779874, 6344.8194580078125)"
110,B_train_fp,1-225-Temporal_AT8,1,"(14277, 5096)",8494,3560,"(2571.514892578125, 362.3069763183594)","(2571.6359905245613, 362.3069763183594)","(16848.635990524563, 5458.306976318359)"
111,B_train_fp,1-225-Temporal_AT8,1,"(14277, 5096)",8494,3560,"(679.0308227539062, 557.2139892578125)","(679.0627997175395, 557.2139892578125)","(14956.06279971754, 5653.2139892578125)"
112,B_train_fp,1-225-Temporal_AT8,1,"(14277, 5096)",8494,3560,"(4206.21875, 890.4420776367188)","(4206.4168295267245, 890.4420776367188)","(18483.416829526723, 5986.442077636719)"
113,B_train_fp,1-838-Temporal_AT8,2,"(18524, 8656)",8494,3560,"(1923.92, 2449.7)","(1924.0106013656698, 2449.7)","(20448.01060136567, 11105.7)"
114,B_train_fp,1-838-Temporal_AT8,2,"(18524, 8656)",8494,3560,"(2389.1826171875, 1789.5291748046875)","(2389.2951287305746, 1789.5291748046875)","(20913.295128730573, 10445.529174804688)"
115,B_train_fp,1-225-Temporal_AT8,0,"(10030, 1536)",8494,3560,"(1521.5321044921875, 2657.1796875)","(1521.603756580932, 2657.1796875)","(11551.603756580931, 4193.1796875)"
116,B_train_fp,1-225-Temporal_AT8,0,"(10030, 1536)",8494,3560,"(144.60842895507812, 1676.357421875)","(144.61523886461214, 1676.357421875)","(10174.615238864611, 3212.357421875)"
117,B_train_fp,1-225-Temporal_AT8,0,"(10030, 1536)",8494,3560,"(276.6422119140625, 1336.842041015625)","(276.6552395670841, 1336.842041015625)","(10306.655239567084, 2872.842041015625)"
118,B_train_fp,1-838-Temporal_AT8,1,"(5783, 5096)",8494,3560,"(3118.511962890625, 1997.0108642578125)","(3118.6588200586443, 1997.0108642578125)","(8901.658820058645, 7093.0108642578125)"
119,B_train_fp,1-838-Temporal_AT8,1,"(5783, 5096)",8494,3560,"(0, 3216.75146484375)","(0.0, 3216.75146484375)","(5783.0, 8312.75146484375)"
120,B_train_fp,1-209-Temporal_AT8,1,"(10030, 8656)",8494,3560,"(2772.709228515625, 789.8449096679688)","(2772.839801118804, 789.8449096679688)","(12802.839801118804, 9445.844909667969)"
121,B_train_fp,1-225-Temporal_AT8,0,"(1536, 1536)",8494,3560,"(2672.112060546875, 91.95209503173828)","(2672.2378958216827, 91.95209503173828)","(4208.237895821683, 1627.9520950317383)"
122,B_train_fp,1-225-Temporal_AT8,1,"(10030, 5096)",8494,3560,"(3043.064208984375, 1060.1998291015625)","(3043.207513161864, 1060.1998291015625)","(13073.207513161864, 6156.1998291015625)"
123,B_train_fp,1-225-Temporal_AT8,1,"(10030, 5096)",8494,3560,"(2602.95166015625, 934.4533081054688)","(2603.0742385249882, 934.4533081054688)","(12633.074238524989, 6030.453308105469)"
124,B_train_fp,1-225-Temporal_AT8,0,"(10030, 8656)",8494,3560,"(396.101318359375, 1519.17431640625)","(396.11997158840063, 1519.17431640625)","(10426.119971588401, 10175.17431640625)"
125,B_train_fp,1-225-Temporal_AT8,0,"(10030, 8656)",8494,3560,"(1213.4532470703125, 1751.8052978515625)","(1213.5103910894823, 1751.8052978515625)","(11243.510391089483, 10407.805297851562)"
126,B_train_fp,1-225-Temporal_AT8,0,"(10030, 8656)",8494,3560,"(2200.56298828125, 1820.9658203125)","(2200.666617336502, 1820.9658203125)","(12230.666617336501, 10476.9658203125)"
127,B_train_fp,1-225-Temporal_AT8,0,"(10030, 8656)",8494,3560,"(2087.39111328125, 557.2139892578125)","(2087.4894128392098, 557.2139892578125)","(12117.48941283921, 9213.213989257812)"
128,B_train_fp,1-225-Temporal_AT8,0,"(18524, 5096)",8494,3560,"(194.90699768066406, 1814.678466796875)","(194.91617625366527, 1814.678466796875)","(18718.916176253664, 6910.678466796875)"
129,B_train_fp,1-838-Temporal_AT8,0,"(1536, 8656)",8494,3560,"(2540.078369140625, 1946.7122802734375)","(2540.1979866762567, 1946.7122802734375)","(4076.1979866762567, 10602.712280273438)"
130,B_train_fp,1-923-Temporal_AT8,0,"(18524, 1536)",8494,3560,"(3187.672607421875, 2254.791015625)","(3187.822721507461, 2254.791015625)","(21711.822721507462, 3790.791015625)"
131,B_train_fp,1-923-Temporal_AT8,0,"(18524, 1536)",8494,3560,"(3237.97119140625, 1198.5208740234375)","(3238.123674156022, 1198.5208740234375)","(21762.12367415602, 2734.5208740234375)"
132,B_train_fp,1-621-Temporal_AT8,2,"(18524, 1536)",8494,3560,"(1207.166015625, 1066.487060546875)","(1207.2228635654578, 1066.487060546875)","(19731.222863565457, 2602.487060546875)"
133,B_train_fp,1-923-Temporal_AT8,0,"(10030, 8656)",8494,3560,"(1483.80810546875, 1468.875732421875)","(1483.877981056481, 1468.875732421875)","(11513.877981056481, 10124.875732421875)"
134,B_train_fp,1-756-Temporal_AT8,1,"(5783, 1536)",8494,3560,"(4432.5625, 3009.269775390625)","(4432.771238521309, 3009.269775390625)","(10215.771238521309, 4545.269775390625)"
135,B_train_fp,1-756-Temporal_AT8,1,"(5783, 1536)",8494,3560,"(163.4703826904297, 2996.695068359375)","(163.4780808483148, 2996.695068359375)","(5946.478080848315, 4532.695068359375)"
136,B_train_fp,1-838-Temporal_AT8,0,"(14277, 1536)",8494,3560,"(1213.4532470703125, 1299.1180419921875)","(1213.5103910894823, 1299.1180419921875)","(15490.510391089483, 2835.1180419921875)"
137,B_train_fp,1-290-Temporal_AT8,1,"(1536, 5096)",8494,3560,"(2464.630615234375, 3128.72900390625)","(2464.7466797794764, 3128.72900390625)","(4000.7466797794764, 8224.72900390625)"
138,B_train_fp,1-756-Temporal_AT8,2,"(14277, 1536)",8494,3560,"(3269.40771484375, 1305.4053955078125)","(3269.5616780043265, 1305.4053955078125)","(17546.561678004327, 2841.4053955078125)"
139,B_train_fp,1-756-Temporal_AT8,0,"(10030, 5096)",8494,3560,"(2370.320556640625, 444.04217529296875)","(2370.4321799303184, 444.04217529296875)","(12400.432179930318, 5540.042175292969)"
140,B_train_fp,1-756-Temporal_AT8,0,"(10030, 5096)",8494,3560,"(2753.847412109375, 1839.8277587890625)","(2753.9770964706704, 1839.8277587890625)","(12783.97709647067, 6935.8277587890625)"
141,B_train_fp,1-751-Temporal_AT8,0,"(5783, 1536)",8494,3560,"(3294.55712890625, 2003.2982177734375)","(3294.712276404668, 2003.2982177734375)","(9077.712276404669, 3539.2982177734375)"
142,B_train_fp,1-516-Temporal_AT8,1,"(10030, 8656)",8494,3560,"(3074.500732421875, 2041.0220947265625)","(3074.645517010169, 2041.0220947265625)","(13104.645517010169, 10697.022094726562)"
143,B_train_fp,1-516-Temporal_AT8,1,"(10030, 8656)",8494,3560,"(3590.061279296875, 1481.450439453125)","(3590.230342695947, 1481.450439453125)","(13620.230342695948, 10137.450439453125)"
144,B_train_fp,1-516-Temporal_AT8,1,"(10030, 8656)",8494,3560,"(2426.906494140625, 884.15478515625)","(2427.0207821789645, 884.15478515625)","(12457.020782178965, 9540.15478515625)"
145,B_train_fp,1-621-Temporal_AT8,0,"(10030, 5096)",8494,3560,"(3868.685, 1644.545)","(3868.8671843654342, 1644.545)","(13898.867184365434, 6740.545)"
146,B_train_fp,1-621-Temporal_AT8,0,"(10030, 5096)",8494,3560,"(3964.695, 2559.475)","(3964.881705674594, 2559.475)","(13994.881705674594, 7655.475)"
147,B_train_fp,1-621-Temporal_AT8,0,"(10030, 5096)",8494,3560,"(3857.387451171875, 1562.6513671875)","(3857.5691035124055, 1562.6513671875)","(13887.569103512405, 6658.6513671875)"
148,B_train_fp,1-621-Temporal_AT8,0,"(10030, 5096)",8494,3560,"(3964.69384765625, 2556.648681640625)","(3964.8805532765773, 2556.648681640625)","(13994.880553276576, 7652.648681640625)"
149,B_train_fp,1-751-Temporal_AT8,1,"(18524, 5096)",8494,3560,"(2408.044677734375, 3373.9345703125)","(2408.1580775308303, 3373.9345703125)","(20932.158077530832, 8469.9345703125)"
150,B_train_fp,1-751-Temporal_AT8,1,"(18524, 5096)",8494,3560,"(2074.81640625, 3141.3037109375)","(2074.9141136390394, 3141.3037109375)","(20598.91411363904, 8237.3037109375)"
151,B_train_fp,1-751-Temporal_AT8,1,"(18524, 5096)",8494,3560,"(773.3406982421875, 2411.97412109375)","(773.3771164526062, 2411.97412109375)","(19297.377116452608, 7507.97412109375)"
152,B_train_fp,1-751-Temporal_AT8,1,"(18524, 5096)",8494,3560,"(3640.35986328125, 2399.3994140625)","(3640.5312953445077, 2399.3994140625)","(22164.531295344506, 7495.3994140625)"
153,B_train_fp,1-466-Temporal_AT8,0,"(5783, 5096)",8494,3560,"(3332.281005859375, 620.0872192382812)","(3332.437929853058, 620.0872192382812)","(9115.437929853058, 5716.087219238281)"
154,B_train_fp,1-466-Temporal_AT8,0,"(5783, 5096)",8494,3560,"(2464.630615234375, 3160.16552734375)","(2464.7466797794764, 3160.16552734375)","(8247.746679779477, 8256.16552734375)"
155,B_train_fp,1-290-Temporal_AT8,2,"(10030, 1536)",8494,3560,"(553.284423828125, 1179.658935546875)","(553.3104791341682, 1179.658935546875)","(10583.310479134168, 2715.658935546875)"
156,B_train_fp,1-225-Temporal_AT8,0,"(18524, 1536)",8494,3560,"(3181.38525390625, 2701.19091796875)","(3181.535071907376, 2701.19091796875)","(21705.535071907376, 4237.19091796875)"
157,B_train_fp,1-225-Temporal_AT8,0,"(18524, 1536)",8494,3560,"(3426.5908203125, 2424.548828125)","(3426.752185550094, 2424.548828125)","(21950.752185550093, 3960.548828125)"
158,B_train_fp,1-225-Temporal_AT8,0,"(18524, 1536)",8494,3560,"(3740.95703125, 2141.619384765625)","(3741.133200641629, 2141.619384765625)","(22265.13320064163, 3677.619384765625)"
159,B_train_fp,1-225-Temporal_AT8,0,"(18524, 1536)",8494,3560,"(1854.76025390625, 2204.492431640625)","(1854.8475983966623, 2204.492431640625)","(20378.847598396664, 3740.492431640625)"
160,B_train_fp,1-225-Temporal_AT8,0,"(18524, 1536)",8494,3560,"(1936.495361328125, 1663.78271484375)","(1936.5865548935276, 1663.78271484375)","(20460.58655489353, 3199.78271484375)"
161,B_train_fp,1-923-Temporal_AT8,0,"(14277, 1536)",8494,3560,"(1496.3828125, 2110.1826171875)","(1496.4532802566516, 2110.1826171875)","(15773.453280256652, 3646.1826171875)"
162,B_train_fp,1-466-Temporal_AT8,1,"(18524, 8656)",8494,3560,"(4193.64404296875, 846.4308471679688)","(4193.841530326554, 846.4308471679688)","(22717.841530326554, 9502.430847167969)"
163,B_train_fp,1-225-Temporal_AT8,0,"(5783, 5096)",8494,3560,"(3973.587890625, 186.26193237304688)","(3973.775015084177, 186.26193237304688)","(9756.775015084177, 5282.261932373047)"
164,B_train_fp,1-225-Temporal_AT8,0,"(5783, 5096)",8494,3560,"(3275.695068359375, 2499.99658203125)","(3275.849327604412, 2499.99658203125)","(9058.849327604412, 7595.99658203125)"
165,B_train_fp,1-838-Temporal_AT8,0,"(18524, 8656)",8494,3560,"(2596.664306640625, 3260.7626953125)","(2596.786588924903, 3260.7626953125)","(21120.786588924904, 11916.7626953125)"
166,B_train_fp,1-838-Temporal_AT8,0,"(18524, 8656)",8494,3560,"(465.2618713378906, 802.4195556640625)","(465.2837814801716, 802.4195556640625)","(18989.28378148017, 9458.419555664062)"
167,B_train_fp,1-225-Temporal_AT8,2,"(10030, 5096)",8494,3560,"(3445.452880859375, 3386.50927734375)","(3445.61513435035, 3386.50927734375)","(13475.61513435035, 8482.50927734375)"
168,B_train_fp,1-225-Temporal_AT8,1,"(1536, 1536)",8494,3560,"(3187.672607421875, 3392.796630859375)","(3187.822721507461, 3392.796630859375)","(4723.822721507461, 4928.796630859375)"
169,B_train_fp,1-225-Temporal_AT8,1,"(1536, 1536)",8494,3560,"(257.7802429199219, 1431.15185546875)","(257.7923823238738, 1431.15185546875)","(1793.7923823238739, 2967.15185546875)"
170,B_train_fp,1-225-Temporal_AT8,1,"(1536, 1536)",8494,3560,"(829.9265747070312, 2569.1572265625)","(829.9656576632218, 2569.1572265625)","(2365.965657663222, 4105.1572265625)"
171,B_train_fp,1-751-Temporal_AT8,2,"(10030, 1536)",8494,3560,"(3319.706298828125, 1952.9996337890625)","(3319.862630652887, 1952.9996337890625)","(13349.862630652888, 3488.9996337890625)"
172,B_train_fp,1-466-Temporal_AT8,2,"(10030, 1536)",8494,3560,"(2879.59375, 2286.227783203125)","(2879.729356016011, 2286.227783203125)","(12909.72935601601, 3822.227783203125)"
173,B_train_fp,1-838-Temporal_AT8,0,"(10030, 8656)",8494,3560,"(842.501220703125, 808.7069091796875)","(842.540895825362, 808.7069091796875)","(10872.540895825361, 9464.706909179688)"
174,B_train_fp,1-751-Temporal_AT8,0,"(18524, 8656)",8494,3560,"(2804.14599609375, 2154.19384765625)","(2804.278049119231, 2154.19384765625)","(21328.27804911923, 10810.19384765625)"
175,B_train_fp,1-751-Temporal_AT8,0,"(18524, 8656)",8494,3560,"(3099.650146484375, 2757.77685546875)","(3099.79611541051, 2757.77685546875)","(21623.79611541051, 11413.77685546875)"
176,B_train_fp,1-751-Temporal_AT8,0,"(18524, 8656)",8494,3560,"(1420.9349365234375, 2499.99658203125)","(1421.0018512838105, 2499.99658203125)","(19945.00185128381, 11155.99658203125)"
177,B_train_fp,1-923-Temporal_AT8,0,"(14277, 5096)",8494,3560,"(3979.875, 1273.97)","(3980.06242053214, 1273.97)","(18257.06242053214, 6369.97)"
178,B_train_fp,1-923-Temporal_AT8,0,"(14277, 5096)",8494,3560,"(3975.99, 1285.91)","(3976.1772375794676, 1285.91)","(18253.177237579468, 6381.91)"
179,B_train_fp,1-923-Temporal_AT8,0,"(14277, 5096)",8494,3560,"(3759.819091796875, 2286.227783203125)","(3759.9961494418853, 2286.227783203125)","(18036.996149441886, 7382.227783203125)"
180,B_train_fp,1-923-Temporal_AT8,0,"(14277, 5096)",8494,3560,"(3791.255615234375, 2405.686767578125)","(3791.43415329019, 2405.686767578125)","(18068.43415329019, 7501.686767578125)"
181,B_train_fp,1-225-Temporal_AT8,1,"(14277, 1536)",8494,3560,"(2081.103759765625, 3367.647216796875)","(2081.2017632391244, 3367.647216796875)","(16358.201763239125, 4903.647216796875)"
182,B_train_fp,1-225-Temporal_AT8,1,"(14277, 1536)",8494,3560,"(1200.878662109375, 2713.765625)","(1200.9352139653727, 2713.765625)","(15477.935213965373, 4249.765625)"
183,B_train_fp,1-225-Temporal_AT8,1,"(14277, 1536)",8494,3560,"(3621.497802734375, 418.89288330078125)","(3621.6683465442516, 418.89288330078125)","(17898.66834654425, 1954.8928833007812)"
184,B_train_fp,1-225-Temporal_AT8,1,"(14277, 1536)",8494,3560,"(3634.072509765625, 2481.134765625)","(3634.2436457444223, 2481.134765625)","(17911.243645744424, 4017.134765625)"
185,B_train_fp,1-225-Temporal_AT8,1,"(14277, 1536)",8494,3560,"(823.6392822265625, 2493.70947265625)","(823.678069101167, 2493.70947265625)","(15100.678069101166, 4029.70947265625)"
186,B_train_fp,1-225-Temporal_AT8,1,"(14277, 1536)",8494,3560,"(2999.052978515625, 2198.205078125)","(2999.1942101133886, 2198.205078125)","(17276.19421011339, 3734.205078125)"
187,B_train_fp,1-621-Temporal_AT8,2,"(14277, 8656)",8494,3560,"(572.15, 601.23)","(572.1769437249823, 601.23)","(14849.176943724982, 9257.23)"
188,B_train_fp,1-621-Temporal_AT8,2,"(14277, 8656)",8494,3560,"(2439.481201171875, 2273.653076171875)","(2439.5960813791353, 2273.653076171875)","(16716.596081379135, 10929.653076171875)"
189,B_train_fp,1-621-Temporal_AT8,1,"(5783, 5096)",8494,3560,"(3769.85, 1672.7849999999999)","(3770.027530021191, 1672.7849999999999)","(9553.02753002119, 6768.785)"
190,B_train_fp,1-621-Temporal_AT8,1,"(5783, 5096)",8494,3560,"(3769.8450000000003, 1404.52)","(3770.022529785731, 1404.52)","(9553.02252978573, 6500.52)"
191,B_train_fp,1-621-Temporal_AT8,1,"(5783, 5096)",8494,3560,"(1776.205, 2951.9849999999997)","(1776.28864516129, 2951.9849999999997)","(7559.28864516129, 8047.985)"
192,B_train_fp,1-621-Temporal_AT8,1,"(5783, 5096)",8494,3560,"(3800.91015625, 1460.9925537109375)","(3801.089148958088, 1460.9925537109375)","(9584.089148958088, 6556.9925537109375)"
193,B_train_fp,1-621-Temporal_AT8,1,"(5783, 5096)",8494,3560,"(3755.728515625, 1675.6055908203125)","(3755.9053806363313, 1675.6055908203125)","(9538.905380636332, 6771.6055908203125)"
194,B_train_fp,1-621-Temporal_AT8,1,"(5783, 5096)",8494,3560,"(1801.6201171875, 2940.693115234375)","(1801.7049591991404, 2940.693115234375)","(7584.70495919914, 8036.693115234375)"
195,B_train_fp,1-621-Temporal_AT8,1,"(18524, 8656)",8494,3560,"(1219.7406005859375, 1085.34912109375)","(1219.7980406895676, 1085.34912109375)","(19743.798040689566, 9741.34912109375)"
196,B_train_fp,1-621-Temporal_AT8,1,"(18524, 8656)",8494,3560,"(1760.4503173828125, 299.4337463378906)","(1760.533220623565, 299.4337463378906)","(20284.533220623565, 8955.43374633789)"
197,B_train_fp,1-225-Temporal_AT8,0,"(14277, 1536)",8494,3560,"(2973.903564453125, 2531.433349609375)","(2974.043611713047, 2531.433349609375)","(17251.04361171305, 4067.433349609375)"
198,B_train_fp,1-225-Temporal_AT8,0,"(14277, 1536)",8494,3560,"(3131.086669921875, 2009.5855712890625)","(3131.234119258815, 2009.5855712890625)","(17408.234119258814, 3545.5855712890625)"
199,B_train_fp,1-225-Temporal_AT8,0,"(14277, 1536)",8494,3560,"(2118.82763671875, 2386.824951171875)","(2118.927416687515, 2386.824951171875)","(16395.927416687515, 3922.824951171875)"
200,B_train_fp,1-297-Temporal_AT8,0,"(1536, 5096)",8494,3560,"(2326.309326171875, 1211.0955810546875)","(2326.418876881843, 1211.0955810546875)","(3862.418876881843, 6307.0955810546875)"
201,B_train_fp,1-466-Temporal_AT8,0,"(5783, 1536)",8494,3560,"(3093.36279296875, 2380.53759765625)","(3093.5084658104247, 2380.53759765625)","(8876.508465810424, 3916.53759765625)"
202,B_train_fp,1-466-Temporal_AT8,0,"(5783, 1536)",8494,3560,"(2577.80224609375, 129.676025390625)","(2577.9236401246467, 129.676025390625)","(8360.923640124647, 1665.676025390625)"
203,B_train_fp,1-225-Temporal_AT8,0,"(14277, 5096)",8494,3560,"(1527.8194580078125, 3430.5205078125)","(1527.8914061810174, 3430.5205078125)","(15804.891406181017, 8526.5205078125)"
204,B_train_fp,1-923-Temporal_AT8,1,"(5783, 5096)",8494,3560,"(4049.035888671875, 223.98587036132812)","(4049.226566133079, 223.98587036132812)","(9832.226566133078, 5319.985870361328)"
205,B_train_fp,1-209-Temporal_AT8,0,"(18524, 8656)",8494,3560,"(1355.450927734375, 241.0867156982422)","(1355.5147587175506, 241.0867156982422)","(19879.514758717552, 8897.086715698242)"
206,B_train_fp,1-751-Temporal_AT8,1,"(14277, 8656)",8494,3560,"(1024.8336181640625, 450.3294982910156)","(1024.88187969541, 450.3294982910156)","(15301.88187969541, 9106.329498291016)"
207,B_train_fp,1-751-Temporal_AT8,1,"(14277, 8656)",8494,3560,"(968.2476806640625, 98.23941802978516)","(968.2932774467638, 98.23941802978516)","(15245.293277446764, 8754.239418029785)"
208,B_train_fp,1-756-Temporal_AT8,0,"(14277, 5096)",8494,3560,"(88.02251434326172, 1305.4053955078125)","(88.02665950522749, 1305.4053955078125)","(14365.026659505227, 6401.4053955078125)"
209,B_train_fp,1-756-Temporal_AT8,0,"(14277, 5096)",8494,3560,"(3684.37109375, 1582.047607421875)","(3684.544598392983, 1582.047607421875)","(17961.544598392982, 6678.047607421875)"
210,B_train_fp,1-751-Temporal_AT8,2,"(18524, 8656)",8494,3560,"(1156.867431640625, 462.9041442871094)","(1156.921910916897, 462.9041442871094)","(19680.9219109169, 9118.90414428711)"
211,B_train_fp,1-751-Temporal_AT8,2,"(18524, 8656)",8494,3560,"(1829.6109619140625, 1116.78564453125)","(1829.697122072382, 1116.78564453125)","(20353.697122072383, 9772.78564453125)"
212,B_train_fp,1-751-Temporal_AT8,2,"(18524, 8656)",8494,3560,"(1609.5545654296875, 506.9154052734375)","(1609.6303626778829, 506.9154052734375)","(20133.630362677883, 9162.915405273438)"
213,B_train_fp,1-751-Temporal_AT8,2,"(18524, 8656)",8494,3560,"(3935.864013671875, 3141.3037109375)","(3936.0493616357867, 3141.3037109375)","(22460.049361635785, 11797.3037109375)"
214,B_train_fp,1-751-Temporal_AT8,2,"(18524, 8656)",8494,3560,"(2885.881103515625, 2185.630615234375)","(2886.0170056160964, 2185.630615234375)","(21410.017005616097, 10841.630615234375)"
215,B_train_fp,1-466-Temporal_AT8,2,"(14277, 5096)",8494,3560,"(3596.3486328125, 1229.95751953125)","(3596.5179922960324, 1229.95751953125)","(17873.51799229603, 6325.95751953125)"
216,B_train_fp,1-290-Temporal_AT8,2,"(14277, 8656)",8494,3560,"(1875.04, 1528.7649999999999)","(1875.1282995055333, 1528.7649999999999)","(16152.128299505534, 10184.765)"
217,B_train_fp,1-290-Temporal_AT8,2,"(14277, 8656)",8494,3560,"(1829.8587646484375, 1568.299072265625)","(1829.9449364762993, 1568.299072265625)","(16106.944936476299, 10224.299072265625)"
218,B_train_fp,1-225-Temporal_AT8,0,"(5783, 1536)",8494,3560,"(2483.492431640625, 3235.613525390625)","(2483.6093844276106, 3235.613525390625)","(8266.609384427611, 4771.613525390625)"
219,B_train_fp,1-225-Temporal_AT8,0,"(5783, 1536)",8494,3560,"(2992.765625, 3304.77392578125)","(2992.9065605133032, 3304.77392578125)","(8775.906560513304, 4840.77392578125)"
220,B_train_fp,1-225-Temporal_AT8,0,"(5783, 1536)",8494,3560,"(672.7435302734375, 2889.810791015625)","(672.7752111554847, 2889.810791015625)","(6455.775211155485, 4425.810791015625)"
221,B_train_fp,1-225-Temporal_AT8,0,"(5783, 1536)",8494,3560,"(2326.309326171875, 205.1239013671875)","(2326.418876881843, 205.1239013671875)","(8109.418876881843, 1741.1239013671875)"
222,B_train_fp,1-225-Temporal_AT8,0,"(5783, 1536)",8494,3560,"(339.5154113769531, 733.259033203125)","(339.53139985876976, 733.259033203125)","(6122.53139985877, 2269.259033203125)"
223,B_train_fp,1-225-Temporal_AT8,0,"(5783, 1536)",8494,3560,"(484.12384033203125, 1255.1068115234375)","(484.1466387233819, 1255.1068115234375)","(6267.146638723382, 2791.1068115234375)"
224,B_train_fp,1-225-Temporal_AT8,0,"(10030, 5096)",8494,3560,"(2489.77978515625, 1952.9996337890625)","(2489.897034027696, 1952.9996337890625)","(12519.897034027696, 7048.9996337890625)"
225,B_train_fp,1-225-Temporal_AT8,0,"(10030, 5096)",8494,3560,"(2778.99658203125, 2493.70947265625)","(2779.1274507188896, 2493.70947265625)","(12809.12745071889, 7589.70947265625)"
226,B_train_fp,1-225-Temporal_AT8,0,"(10030, 5096)",8494,3560,"(3017.914794921875, 1858.6898193359375)","(3018.056914761523, 1858.6898193359375)","(13048.056914761522, 6954.6898193359375)"
227,B_train_fp,1-838-Temporal_AT8,1,"(14277, 5096)",8494,3560,"(6167.86376953125, 2525.14599609375)","(6168.154226972716, 2525.14599609375)","(20445.154226972714, 7621.14599609375)"
228,B_train_fp,1-838-Temporal_AT8,1,"(14277, 5096)",8494,3560,"(1905.058837890625, 2499.99658203125)","(1905.148551045223, 2499.99658203125)","(16182.148551045222, 7595.99658203125)"
229,B_train_fp,1-838-Temporal_AT8,2,"(14277, 8656)",8494,3560,"(2898.455810546875, 1877.5517578125)","(2898.592304816267, 1877.5517578125)","(17175.592304816266, 10533.5517578125)"
230,B_train_fp,1-290-Temporal_AT8,2,"(18524, 8656)",8494,3560,"(1841.155, 89.48)","(1841.241703790911, 89.48)","(20365.24170379091, 8745.48)"
231,B_train_fp,1-290-Temporal_AT8,2,"(18524, 8656)",8494,3560,"(1773.381591796875, 66.00763702392578)","(1773.4651039980427, 66.00763702392578)","(20297.46510399804, 8722.007637023926)"
232,B_train_fp,1-838-Temporal_AT8,1,"(1536, 1536)",8494,3560,"(720.085, 997.88)","(720.1189102896162, 997.88)","(2256.118910289616, 2533.88)"
233,B_train_fp,1-838-Temporal_AT8,1,"(1536, 1536)",8494,3560,"(1883.51, 1424.2800000000002)","(1883.5986983753237, 1424.2800000000002)","(3419.5986983753237, 2960.28)"
234,B_train_fp,1-838-Temporal_AT8,1,"(1536, 1536)",8494,3560,"(3656.895, 2556.65)","(3657.0672107369905, 2556.65)","(5193.06721073699, 4092.65)"
235,B_train_fp,1-838-Temporal_AT8,1,"(1536, 1536)",8494,3560,"(3843.2650000000003, 2133.075)","(3843.4459872851426, 2133.075)","(5379.445987285142, 3669.075)"
236,B_train_fp,1-838-Temporal_AT8,1,"(1536, 1536)",8494,3560,"(2146.13, 1715.1399999999999)","(2146.2310656934305, 1715.1399999999999)","(3682.2310656934305, 3251.14)"
237,B_train_fp,1-838-Temporal_AT8,1,"(1536, 1536)",8494,3560,"(773.74, 2429.575)","(773.7764370143631, 2429.575)","(2309.776437014363, 3965.575)"
238,B_train_fp,1-838-Temporal_AT8,1,"(1536, 1536)",8494,3560,"(3829.148681640625, 2099.18408203125)","(3829.329004159186, 2099.18408203125)","(5365.329004159186, 3635.18408203125)"
239,B_train_fp,1-838-Temporal_AT8,1,"(1536, 1536)",8494,3560,"(3637.12646484375, 2539.70556640625)","(3637.2977446395985, 2539.70556640625)","(5173.297744639598, 4075.70556640625)"
240,B_train_fp,1-838-Temporal_AT8,1,"(1536, 1536)",8494,3560,"(2157.426025390625, 1703.8441162109375)","(2157.5276230372174, 1703.8441162109375)","(3693.5276230372174, 3239.8441162109375)"
241,B_train_fp,1-838-Temporal_AT8,1,"(1536, 1536)",8494,3560,"(1846.8018798828125, 1444.0494384765625)","(1846.8888495969582, 1444.0494384765625)","(3382.888849596958, 2980.0494384765625)"
242,B_train_fp,1-838-Temporal_AT8,1,"(1536, 1536)",8494,3560,"(717.2594604492188, 992.232421875)","(717.2932376783427, 992.232421875)","(2253.293237678343, 2528.232421875)"
243,B_train_fp,1-838-Temporal_AT8,1,"(1536, 1536)",8494,3560,"(801.97509765625, 2449.342041015625)","(802.0128643196667, 2449.342041015625)","(2338.0128643196667, 3985.342041015625)"
244,B_train_fp,1-225-Temporal_AT8,2,"(5783, 5096)",8494,3560,"(314.36614990234375, 2418.261474609375)","(314.38095405350464, 2418.261474609375)","(6097.380954053505, 7514.261474609375)"
245,B_train_fp,1-225-Temporal_AT8,2,"(5783, 5096)",8494,3560,"(1370.6363525390625, 79.37744903564453)","(1370.7008986352498, 79.37744903564453)","(7153.70089863525, 5175.3774490356445)"
246,B_train_fp,1-225-Temporal_AT8,2,"(5783, 5096)",8494,3560,"(1345.487060546875, 418.89288330078125)","(1345.5504223109695, 418.89288330078125)","(7128.550422310969, 5514.892883300781)"
247,B_train_fp,1-466-Temporal_AT8,0,"(1536, 8656)",8494,3560,"(1634.703857421875, 1833.54052734375)","(1634.7808390021632, 1833.54052734375)","(3170.7808390021632, 10489.54052734375)"
248,B_train_fp,1-225-Temporal_AT8,0,"(1536, 5096)",8494,3560,"(1226.0279541015625, 488.0534362792969)","(1226.085690289653, 488.0534362792969)","(2762.085690289653, 5584.053436279297)"
249,B_train_fp,1-225-Temporal_AT8,0,"(1536, 5096)",8494,3560,"(2307.447509765625, 638.9491577148438)","(2307.556172233709, 638.9491577148438)","(3843.556172233709, 5734.949157714844)"
250,B_train_fp,1-225-Temporal_AT8,0,"(1536, 5096)",8494,3560,"(2955.041748046875, 1047.6251220703125)","(2955.1809070649133, 1047.6251220703125)","(4491.180907064913, 6143.6251220703125)"
251,B_train_fp,1-621-Temporal_AT8,1,"(1536, 1536)",8494,3560,"(2288.58544921875, 2808.075439453125)","(2288.693223433453, 2808.075439453125)","(3824.693223433453, 4344.075439453125)"
252,B_train_fp,1-923-Temporal_AT8,0,"(18524, 5096)",8494,3560,"(1716.4390869140625, 1632.34619140625)","(1716.5199175750897, 1632.34619140625)","(20240.51991757509, 6728.34619140625)"
253,B_train_fp,1-923-Temporal_AT8,0,"(18524, 5096)",8494,3560,"(2879.59375, 3103.57958984375)","(2879.729356016011, 3103.57958984375)","(21403.72935601601, 8199.57958984375)"
254,B_train_fp,1-751-Temporal_AT8,2,"(10030, 8656)",8494,3560,"(3300.844482421875, 1946.7122802734375)","(3300.9999260047534, 1946.7122802734375)","(13330.999926004753, 10602.712280273438)"
255,B_train_fp,1-290-Temporal_AT8,2,"(1536, 8656)",8494,3560,"(2049.667236328125, 796.1322631835938)","(2049.76375939082, 796.1322631835938)","(3585.76375939082, 9452.132263183594)"
256,B_train_fp,1-756-Temporal_AT8,1,"(5783, 8656)",8494,3560,"(421.2506103515625, 1940.4249267578125)","(421.270447912681, 1940.4249267578125)","(6204.2704479126805, 10596.424926757812)"
257,B_train_fp,1-751-Temporal_AT8,2,"(18524, 1536)",8494,3560,"(899.087158203125, 1060.1998291015625)","(899.1294980740081, 1060.1998291015625)","(19423.12949807401, 2596.1998291015625)"
258,B_train_fp,1-751-Temporal_AT8,2,"(18524, 1536)",8494,3560,"(1974.2193603515625, 2657.1796875)","(1974.3123304179787, 2657.1796875)","(20498.31233041798, 4193.1796875)"
259,B_train_fp,1-751-Temporal_AT8,0,"(10030, 1536)",8494,3560,"(3363.717529296875, 1764.3798828125)","(3363.8759337013626, 1764.3798828125)","(13393.875933701362, 3300.3798828125)"
260,B_train_fp,1-923-Temporal_AT8,1,"(10030, 1536)",8494,3560,"(3269.40771484375, 1575.76025390625)","(3269.5616780043265, 1575.76025390625)","(13299.561678004327, 3111.76025390625)"
261,C_test_no_fp,1-154-Temporal_AT8,1,"(5783, 5096)",8494,3560,"(1986.7939453125, 2757.77685546875)","(1986.8875075420885, 2757.77685546875)","(7769.887507542088, 7853.77685546875)"
262,C_test_no_fp,1-154-Temporal_AT8,1,"(5783, 8656)",8494,3560,"(2527.503662109375, 2518.858642578125)","(2527.622687476086, 2518.858642578125)","(8310.622687476087, 11174.858642578125)"
263,C_test_no_fp,1-154-Temporal_AT8,1,"(5783, 8656)",8494,3560,"(2433.19384765625, 230.273193359375)","(2433.30843177905, 230.273193359375)","(8216.308431779049, 8886.273193359375)"
264,C_test_no_fp,1-717-Temporal_AT8,2,"(10030, 8656)",8494,3560,"(3420.303466796875, 444.04217529296875)","(3420.4645359500087, 444.04217529296875)","(13450.464535950008, 9100.042175292969)"
265,C_test_no_fp,1-154-Temporal_AT8,0,"(5783, 5096)",8494,3560,"(2213.1376953125, 783.5576171875)","(2213.2419165366728, 783.5576171875)","(7996.241916536673, 5879.5576171875)"
266,C_test_no_fp,1-154-Temporal_AT8,0,"(5783, 5096)",8494,3560,"(4067.897705078125, 2210.77978515625)","(4068.089270781213, 2210.77978515625)","(9851.089270781213, 7306.77978515625)"
267,D_train_no_fp,1-209-Temporal_AT8,2,"(1536, 1536)",8494,3560,"(5771.76220703125, 2632.030517578125)","(5772.034011232193, 2632.030517578125)","(7308.034011232193, 4168.030517578125)"
268,D_train_no_fp,1-751-Temporal_AT8,1,"(14277, 5096)",8494,3560,"(2653.250244140625, 3040.70654296875)","(2653.375191173549, 3040.70654296875)","(16930.37519117355, 8136.70654296875)"
269,D_train_no_fp,1-466-Temporal_AT8,0,"(10030, 1536)",8494,3560,"(1628.4166259765625, 1355.7039794921875)","(1628.4933114781388, 1355.7039794921875)","(11658.493311478138, 2891.7039794921875)"
270,D_train_no_fp,1-297-Temporal_AT8,1,"(1536, 8656)",8494,3560,"(1464.9461669921875, 412.6055603027344)","(1465.0151543322859, 412.6055603027344)","(3001.015154332286, 9068.605560302734)"
271,D_train_no_fp,1-290-Temporal_AT8,2,"(10030, 8656)",8494,3560,"(6946.68603515625, 630.7788696289062)","(6947.0131689464615, 630.7788696289062)","(16977.01316894646, 9286.778869628906)"
272,D_train_no_fp,1-290-Temporal_AT8,2,"(10030, 8656)",8494,3560,"(2682.663330078125, 642.0742797851562)","(2682.789662234003, 642.0742797851562)","(12712.789662234003, 9298.074279785156)"
273,D_train_no_fp,1-290-Temporal_AT8,2,"(10030, 8656)",8494,3560,"(1315.9168701171875, 1014.8232421875)","(1315.9788393599526, 1014.8232421875)","(11345.978839359952, 9670.8232421875)"
274,D_train_no_fp,1-751-Temporal_AT8,0,"(14277, 5096)",8494,3560,"(1986.7939453125, 475.4787902832031)","(1986.8875075420885, 475.4787902832031)","(16263.88750754209, 5571.478790283203)"
275,D_train_no_fp,1-225-Temporal_AT8,1,"(10030, 1536)",8494,3560,"(3495.75146484375, 2078.74609375)","(3495.916086998911, 2078.74609375)","(13525.91608699891, 3614.74609375)"
276,D_train_no_fp,1-225-Temporal_AT8,1,"(10030, 1536)",8494,3560,"(3156.236083984375, 1833.54052734375)","(3156.384717659156, 1833.54052734375)","(13186.384717659155, 3369.54052734375)"
277,D_train_no_fp,1-225-Temporal_AT8,1,"(10030, 1536)",8494,3560,"(3043.064208984375, 2355.38818359375)","(3043.207513161864, 2355.38818359375)","(13073.207513161864, 3891.38818359375)"
278,D_train_no_fp,1-225-Temporal_AT8,1,"(10030, 1536)",8494,3560,"(1879.9095458984375, 2996.695068359375)","(1879.9980747209427, 2996.695068359375)","(11909.998074720943, 4532.695068359375)"
279,D_train_no_fp,1-225-Temporal_AT8,1,"(10030, 1536)",8494,3560,"(2621.8134765625, 3279.624755859375)","(2621.936943173122, 3279.624755859375)","(12651.936943173121, 4815.624755859375)"
